{
  "project_info": {
    "project_number": "665931653562",
    "project_id": "ponorogotourism-skripsi",
    "storage_bucket": "ponorogotourism-skripsi.appspot.com"
  },
  "client": [
    {
      "client_info": {
        "mobilesdk_app_id": "1:665931653562:android:89396cbce13c340036bd83",
        "android_client_info": {
          "package_name": "com.bastianarf.desawisataponorogo"
        }
      },
      "oauth_client": [],
      "api_key": [
        {
          "current_key": "AIzaSyDZGreyfJKwh_6QNsKWZ7X7rV1b3Fbvwzg"
        }
      ],
      "services": {
        "appinvite_service": {
          "other_platform_oauth_client": []
        }
      }
    }
  ],
  "configuration_version": "1"
}